LdN413_1369_1.mp3;1369 
LdN413_913_2.mp3;913 
LdN413_956_3.mp3;956 
LdN413_149_4.mp3;149 
LdN413_1340_5.mp3;1340 
LdN413_1049_6.mp3;1049 
LdN413_765_7.mp3;765 
LdN413_1536_8.mp3;1536 
LdN413_1768_9.mp3;1768 
LdN413_274_10.mp3;274 
LdN413_1231_11.mp3;1231 
LdN413_1464_12.mp3;1464 
LdN413_77_13.mp3;77 
LdN413_1271_14.mp3;1271 
LdN413_953_15.mp3;953 
LdN413_1500_16.mp3;1500 
LdN413_859_17.mp3;859 
LdN413_845_18.mp3;845 
LdN413_1256_19.mp3;1256 
LdN413_1539_20.mp3;1539 
LdN413_1149_21.mp3;1149 
LdN413_497_22.mp3;497 
LdN413_1643_23.mp3;1643 
LdN413_370_24.mp3;370 
LdN413_736_25.mp3;736 
LdN413_1331_26.mp3;1331 
LdN413_1450_27.mp3;1450 
LdN413_553_28.mp3;553 
LdN413_498_29.mp3;498 
LdN413_1133_30.mp3;1133 
LdN413_1111_31.mp3;1111 
LdN413_1102_32.mp3;1102 
LdN413_131_33.mp3;131 
LdN413_467_34.mp3;467 
LdN413_1396_35.mp3;1396 
LdN413_908_36.mp3;908 
LdN413_1679_37.mp3;1679 
